"App Name","Category","Rating","Reviews","Size","Installs","Type","Price","Content Rating","Last Updated","Current Ver","Android Ver"
"Photo Editor & Candy Camera & Grid & ScrapBook","Art & Design","4.1","159","19M","10,000+","Free","0","Everyone","7-Jan-18","1.0.0","4.0.3 and up"
"Coloring book moana","Art & Design;Pretend Play","3.9","967","14M","500,000+","Free","0","Everyone","15-Jan-18","2.0.0","4.0.3 and up"
"U Launcher Lite â€“ FREE Live Cool Themes, Hide Apps","Art & Design","4.7","87510","8.7M","5,000,000+","Free","0","Everyone","1-Aug-18","1.2.4","4.0.3 and up"
"Sketch - Draw & Paint","Art & Design","4.5","215644","25M","50,000,000+","Free","0","Teen","8-Jun-18","Varies with device","4.2 and up"
"Pixel Draw - Number Art Coloring Book","Art & Design;Creativity","4.3","967","2.8M","100,000+","Free","0","Everyone","20-Jun-18","1.1","4.4 and up"
"Paper flowers instructions","Art & Design","4.4","167","5.6M","50,000+","Free","0","Everyone","26-Mar-17","1","2.3 and up"
"Smoke Effect Photo Maker - Smoke Editor","Art & Design","3.8","178","19M","50,000+","Free","0","Everyone","26-Apr-18","1.1","4.0.3 and up"
"Infinite Painter","Art & Design","4.1","36815","29M","1,000,000+","Free","0","Everyone","14-Jun-18","6.1.61.1","4.2 and up"
"Garden Coloring Book","Art & Design","4.4","13791","33M","1,000,000+","Free","0","Everyone","20-Sep-17","2.9.2","3.0 and up"
"Kids Paint Free - Drawing Fun","Art & Design;Creativity","4.7","121","3.1M","10,000+","Free","0","Everyone","3-Jul-18","2.8","4.0.3 and up"
"Text on Photo - Fonteee","Art & Design","4.4","13880","28M","1,000,000+","Free","0","Everyone","27-Oct-17","1.0.4","4.1 and up"
"Name Art Photo Editor - Focus n Filters","Art & Design","4.4","8788","12M","1,000,000+","Free","0","Everyone","31-Jul-18","1.0.15","4.0 and up"
"Tattoo Name On My Photo Editor","Art & Design","4.2","44829","20M","10,000,000+","Free","0","Teen","2-Apr-18","3.8","4.1 and up"
"Mandala Coloring Book","Art & Design","4.6","4326","21M","100,000+","Free","0","Everyone","26-Jun-18","1.0.4","4.4 and up"
"3D Color Pixel by Number - Sandbox Art Coloring","Art & Design","4.4","1518","37M","100,000+","Free","0","Everyone","3-Aug-18","1.2.3","2.3 and up"
"Learn To Draw Kawaii Characters","Art & Design","3.2","55","2.7M","5,000+","Free","0","Everyone","6-Jun-18","NaN","4.2 and up"
"Photo Designer - Write your name with shapes","Art & Design","4.7","3632","5.5M","500,000+","Free","0","Everyone","31-Jul-18","3.1","4.1 and up"
"350 Diy Room Decor Ideas","Art & Design","4.5","27","17M","10,000+","Free","0","Everyone","7-Nov-17","1","2.3 and up"
"FlipaClip - Cartoon animation","Art & Design","4.3","194216","39M","5,000,000+","Free","0","Everyone","3-Aug-18","2.2.5","4.0.3 and up"
"ibis Paint X","Art & Design","4.6","224399","31M","10,000,000+","Free","0","Everyone","30-Jul-18","5.5.4","4.1 and up"
"Logo Maker - Small Business","Art & Design","4","450","14M","100,000+","Free","0","Everyone","20-Apr-18","4","4.1 and up"
"Boys Photo Editor - Six Pack & Men's Suit","Art & Design","4.1","654","12M","100,000+","Free","0","Everyone","20-Mar-18","1.1","4.0.3 and up"
"Superheroes Wallpapers | 4K Backgrounds","Art & Design","4.7","7699","4.2M","500,000+","Free","0","Everyone 10+","12-Jul-18","2.2.6.2","4.0.3 and up"
"Mcqueen Coloring pages","Art & Design;Action & Adventure","NaN","61","7.0M","100,000+","Free","0","Everyone","7-Mar-18","1.0.0","4.1 and up"
"HD Mickey Minnie Wallpapers","Art & Design","4.7","118","23M","50,000+","Free","0","Everyone","7-Jul-18","1.1.3","4.1 and up"
"Harley Quinn wallpapers HD","Art & Design","4.8","192","6.0M","10,000+","Free","0","Everyone","25-Apr-18","1.5","3.0 and up"
"Colorfit - Drawing & Coloring","Art & Design;Creativity","4.7","20260","25M","500,000+","Free","0","Everyone","11-Oct-17","1.0.8","4.0.3 and up"
"Animated Photo Editor","Art & Design","4.1","203","6.1M","100,000+","Free","0","Everyone","21-Mar-18","1.03","4.0.3 and up"
"Pencil Sketch Drawing","Art & Design","3.9","136","4.6M","10,000+","Free","0","Everyone","12-Jul-18","6","2.3 and up"
"Easy Realistic Drawing Tutorial","Art & Design","4.1","223","4.2M","100,000+","Free","0","Everyone","22-Aug-17","1","2.3 and up"
"Pink Silver Bow Keyboard Theme","Art & Design","4.2","1120","9.2M","100,000+","Free","0","Everyone","12-Jul-18","6.7.12.2018","4.0.3 and up"
"Art Drawing Ideas","Art & Design","4.1","227","5.2M","50,000+","Free","0","Everyone","31-May-18","1.2","2.3 and up"
"Anime Manga Coloring Book","Art & Design","4.5","5035","11M","100,000+","Free","0","Everyone","19-Jul-18","2.2","4.0 and up"
"Easy Origami Ideas","Art & Design","4.2","1015","11M","100,000+","Free","0","Everyone","6-Jan-18","1.1.0","4.1 and up"
"I Creative Idea","Art & Design","4.7","353","4.2M","10,000+","Free","0","Teen","27-Apr-18","1.6","4.1 and up"
"How to draw Ladybug and Cat Noir","Art & Design","3.8","564","9.2M","100,000+","Free","0","Everyone","11-Jul-18","2.1","4.1 and up"
"UNICORN - Color By Number & Pixel Art Coloring","Art & Design;Creativity","4.7","8145","24M","500,000+","Free","0","Everyone","2-Aug-18","1.0.9","4.4 and up"
"Floor Plan Creator","Art & Design","4.1","36639","Varies with device","5,000,000+","Free","0","Everyone","14-Jul-18","Varies with device","2.3.3 and up"
"PIP Camera - PIP Collage Maker","Art & Design","4.7","158","11M","10,000+","Free","0","Everyone","29-Nov-17","1.3","4.0.3 and up"
"How To Color Disney Princess - Coloring Pages","Art & Design","4","591","9.4M","500,000+","Free","0","Everyone","31-Mar-18","1","4.0 and up"
"Drawing Clothes Fashion Ideas","Art & Design","4.2","117","15M","10,000+","Free","0","Everyone","20-Jul-18","2.0.1","4.0.3 and up"
"Sad Poetry Photo Frames 2018","Art & Design","4.5","176","10M","100,000+","Free","0","Everyone","2-Apr-18","1","4.0.3 and up"
"Textgram - write on photos","Art & Design","4.4","295221","Varies with device","10,000,000+","Free","0","Everyone","30-Jul-18","Varies with device","Varies with device"
"Paint Splash!","Art & Design;Creativity","3.8","2206","1.2M","100,000+","Free","0","Everyone","15-Apr-18","1.46","4.1 and up"
"Popsicle Sticks and Similar DIY Craft Ideas","Art & Design","4.2","26","12M","10,000+","Free","0","Everyone","3-Jan-18","1.0.0","4.1 and up"
"Canva: Poster, banner, card maker & graphic design","Art & Design","4.7","174531","24M","10,000,000+","Free","0","Everyone","31-Jul-18","1.6.1","4.1 and up"
"Install images with music to make video without Net - 2018","Art & Design","4.6","1070","26M","100,000+","Free","0","Everyone","14-Nov-17","1.6","4.1 and up"
"Little Teddy Bear Colouring Book Game","Art & Design","4.2","85","8.0M","100,000+","Free","0","Everyone","17-Dec-17","2.0.0","4.1 and up"
"How To Draw Food","Art & Design","4.3","845","7.9M","100,000+","Free","0","Everyone","28-May-18","1","2.3 and up"
"Monster Truck Stunt 3D 2019","Auto & Vehicles","4.2","367","25M","100,000+","Free","0","Everyone","10-May-18","1","4.0.3 and up"
"Real Tractor Farming","Auto & Vehicles","4","1598","56M","1,000,000+","Free","0","Everyone","26-Jul-18","11","4.1 and up"
"Ultimate F1 Racing Championship","Auto & Vehicles","3.8","284","57M","100,000+","Free","0","Everyone","26-Jul-18","3","4.1 and up"
"Used Cars and Trucks for Sale","Auto & Vehicles","4.6","17057","Varies with device","1,000,000+","Free","0","Everyone","30-Jul-18","Varies with device","Varies with device"
"American Muscle Car Race","Auto & Vehicles","3.9","129","35M","100,000+","Free","0","Everyone","26-Jul-18","3","4.1 and up"
"Offroad Oil Tanker Driver Transport Truck 2019","Auto & Vehicles","4.3","542","33M","100,000+","Free","0","Everyone","31-Jul-18","4","4.1 and up"
"Tickets SDA 2018 and Exam from the State Traffic Safety Inspectorate with Drom.ru","Auto & Vehicles","4.9","10479","33M","100,000+","Free","0","Everyone","18-Jul-18","1.7.1","4.0 and up"
"Gas Prices (Germany only)","Auto & Vehicles","4.4","805","5.6M","50,000+","Free","0","Everyone","29-Jul-18","2.5.1","4.4 and up"
"Extreme Rally Championship","Auto & Vehicles","4.2","129","54M","100,000+","Free","0","Everyone","26-Jul-18","3","4.1 and up"
"Restart Navigator","Auto & Vehicles","4","1403","201k","100,000+","Free","0","Everyone","26-Aug-14","1.0.1","2.2 and up"
"REG - Check the regnumber, find information about Swedish vehicles","Auto & Vehicles","3.9","3971","3.6M","100,000+","Free","0","Everyone","30-Jul-18","2.493","4.4 and up"
"CityBus Lviv","Auto & Vehicles","4.6","534","5.7M","10,000+","Free","0","Everyone","8-Jul-18","1.9.1","4.0.3 and up"
"CDL Practice Test 2018 Edition","Auto & Vehicles","4.9","7774","17M","100,000+","Free","0","Everyone","3-Jul-18","1.7","4.2 and up"
"ezETC (ETC balance inquiry, meter trial, real-time traffic)","Auto & Vehicles","4.3","38846","8.6M","1,000,000+","Free","0","Everyone","28-Jul-18","2.20 Build 02","4.1 and up"
"Free VIN Report for Used Cars","Auto & Vehicles","4.6","2431","2.4M","100,000+","Free","0","Everyone","12-Jun-18","1.37","4.0 and up"
"DMV Permit Practice Test 2018 Edition","Auto & Vehicles","4.9","6090","27M","100,000+","Free","0","Everyone","3-Jul-18","1.7","4.2 and up"
"Check Vehicle Tax","Auto & Vehicles","3.9","295","2.7M","10,000+","Free","0","Everyone","30-Jul-18","0.2.1","4.4 and up"
"Used Cars Mexico","Auto & Vehicles","4","190","2.5M","50,000+","Free","0","Everyone","14-Oct-16","1","2.3 and up"
"Ulysse Speedometer","Auto & Vehicles","4.3","40211","Varies with device","5,000,000+","Free","0","Everyone","30-Jul-18","Varies with device","Varies with device"
"REPUVE","Auto & Vehicles","3.9","356","Varies with device","100,000+","Free","0","Everyone","25-May-18","Varies with device","Varies with device"
"Used cars for sale - Trovit","Auto & Vehicles","4.2","52530","7.0M","5,000,000+","Free","0","Everyone","16-Jul-18","4.47.3","4.0.3 and up"
"Fines of the State Traffic Safety Inspectorate are official: inspection, payment of fines","Auto & Vehicles","4.8","116986","35M","5,000,000+","Free","0","Everyone","2-Aug-18","1.9.7","4.0.3 and up"
"SK Enca Direct Malls - Used Cars Search","Auto & Vehicles","3.6","1379","16M","500,000+","Free","0","Everyone","2-Aug-18","2.2.21","4.2 and up"
"Android Auto - Maps, Media, Messaging & Voice","Auto & Vehicles","4.2","271920","16M","10,000,000+","Free","0","Teen","11-Jul-18","Varies with device","5.0 and up"
"PDD-UA","Auto & Vehicles","4.8","736","Varies with device","100,000+","Free","0","Everyone","29-Jul-18","2.9","2.3.3 and up"
"Tickets SDA 2019 + Exam RF","Auto & Vehicles","4.8","7021","17M","500,000+","Free","0","Everyone","27-Jul-18","1.79","4.0 and up"
"Super Cars Wallpapers And Backgrounds","Auto & Vehicles","4.6","197","3.4M","50,000+","Free","0","Everyone","14-Jun-18","1.3","4.0 and up"
"Police Lights, Sirens & Follow Me","Auto & Vehicles","4.5","737","8.9M","100,000+","Free","0","Everyone","8-Jun-18","2.3.5.1","4.1 and up"
"Police Detector (Speed Camera Radar)","Auto & Vehicles","4.3","3574","3.9M","1,000,000+","Free","0","Everyone 10+","4-Jul-18","1.6","4.0 and up"
"Best Car Wallpapers","Auto & Vehicles","4.5","994","2.9M","100,000+","Free","0","Everyone","27-Mar-18","1.6","4.1 and up"
"Tickets + PDA 2018 Exam","Auto & Vehicles","4.9","197136","38M","1,000,000+","Free","0","Everyone","15-Jul-18","8.31","4.1 and up"
"Pick Your Part Garage","Auto & Vehicles","3.9","142","32M","50,000+","Free","0","Everyone","24-Jul-18","1.1.5.0","6.0 and up"
"PakWheels: Buy & Sell Cars","Auto & Vehicles","4.4","15168","37M","1,000,000+","Free","0","Everyone","27-Jul-18","10.0.2","4.2 and up"
"Supervision service","Auto & Vehicles","4","2155","15M","500,000+","Free","0","Everyone","30-Jul-18","1.10.3","5.0 and up"
"Speed Camera Detector - Traffic & Speed Alert","Auto & Vehicles","4.3","138","5.4M","100,000+","Free","0","Everyone","23-Jul-18","1","4.0.3 and up"
"Used car search Goo net whole car Go to net","Auto & Vehicles","3.7","5414","18M","1,000,000+","Free","0","Everyone","23-Jul-18","3.20.1","4.4 and up"
"CarMax â€“ Cars for Sale: Search Used Car Inventory","Auto & Vehicles","4.4","21777","Varies with device","1,000,000+","Free","0","Everyone","4-Aug-18","Varies with device","Varies with device"
"BEST CAR SOUNDS","Auto & Vehicles","4.3","348","38M","100,000+","Free","0","Everyone","29-Jul-18","1.0.3","2.3 and up"
"RST - Sale of cars on the PCT","Auto & Vehicles","3.2","250","1.1M","100,000+","Free","0","Everyone","27-Apr-18","1.4","4.0.3 and up"
"AutoScout24 Switzerland â€“ Find your new car","Auto & Vehicles","4.6","13372","Varies with device","1,000,000+","Free","0","Everyone","3-Aug-18","Varies with device","Varies with device"
"Zona Azul Digital FÃ¡cil SP CET - OFFICIAL SÃ£o Paulo","Auto & Vehicles","4.6","7880","Varies with device","100,000+","Free","0","Everyone","10-May-18","4.6.5","Varies with device"
"SMS Park","Auto & Vehicles","4.5","3617","7.9M","100,000+","Free","0","Everyone","16-May-18","2.8.2","4.1 and up"
"SKencar","Auto & Vehicles","3.7","4806","35M","1,000,000+","Free","0","Everyone","31-Jul-18","4.0.3","4.0.3 and up"
"Fuelio: Gas log & costs","Auto & Vehicles","4.6","65786","Varies with device","1,000,000+","Free","0","Everyone","2-Aug-18","Varies with device","4.0.3 and up"
"auto fines","Auto & Vehicles","4.6","31433","17M","1,000,000+","Free","0","Everyone","2-Aug-18","1.4","4.0.3 and up"
"Used car is the first car - used car purchase, used car quotation, dealer information to","Auto & Vehicles","4.6","5097","19M","1,000,000+","Free","0","Everyone","23-Jul-18","1.5.18","4.0.3 and up"
"All of the parking lot - National Park application (parking lot search / parking sharing / discount payment)","Auto & Vehicles","4","1754","14M","500,000+","Free","0","Everyone","2-Jun-18","2.3.4","4.0 and up"
"Inquiry Fines and Debits of Vehicles","Auto & Vehicles","4.4","2680","2.2M","500,000+","Free","0","Everyone","20-Mar-18","1.03","4.0.3 and up"
"Gas Station","Auto & Vehicles","4","1288","4.5M","100,000+","Free","0","Everyone","21-Apr-18","2.17","4.0 and up"
"Hush - Beauty for Everyone","Beauty","4.7","18900","17M","500,000+","Free","0","Everyone","2-Aug-18","6.10.1","5.0 and up"
"ipsy: Makeup, Beauty, and Tips","Beauty","4.9","49790","14M","1,000,000+","Free","0","Everyone","9-Nov-17","2.3.0","4.1 and up"
"Natural recipes for your beauty","Beauty","4.7","1150","9.8M","100,000+","Free","0","Everyone","15-May-18","4","4.1 and up"
"BestCam Selfie-selfie, beauty camera, photo editor","Beauty","3.9","1739","21M","500,000+","Free","0","Everyone","12-Jul-18","1.0.6","4.0.3 and up"
"Mirror - Zoom & Exposure -","Beauty","3.9","32090","Varies with device","1,000,000+","Free","0","Everyone","24-Oct-16","Varies with device","Varies with device"
"Beauty Selfie Camera","Beauty","4.2","2225","52M","500,000+","Free","0","Everyone","28-Feb-18","1.6","4.1 and up"
"Hairstyles step by step","Beauty","4.6","4369","14M","100,000+","Free","0","Everyone","25-Jul-18","1.9","4.0.3 and up"
"Filters for Selfie","Beauty","4.3","8572","25M","1,000,000+","Free","0","Everyone","10-May-18","1.1.0","4.0 and up"
"Tie - Always be happy","Beauty","4.7","964","9.0M","50,000+","Free","0","Everyone","21-Jun-18","4","4.2 and up"
"Ulta Beauty","Beauty","4.7","42050","Varies with device","1,000,000+","Free","0","Everyone","5-Jun-18","5.4","5.0 and up"
"Prom MakeUp Tutorial","Beauty","4.8","104","12M","10,000+","Free","0","Everyone","26-Jun-18","1.3","4.0.3 and up"
"Selfie Camera","Beauty","4.2","17934","Varies with device","1,000,000+","Free","0","Everyone","12-Sep-17","Varies with device","Varies with device"
"Sweet Selfie Beauty Camera","Beauty","4.3","601","35M","100,000+","Free","0","Everyone","2-Jun-18","2.0.0","4.0 and up"
"Colors of white in Urdu","Beauty","4.5","36","6.7M","10,000+","Free","0","Everyone","26-Jul-18","6","4.0 and up"
"Selfie Camera Photo Editor & Filter & Sticker","Beauty","4.1","187","30M","50,000+","Free","0","Teen","24-Jul-18","3.0.1","4.0.3 and up"
"Wrinkles and rejuvenation","Beauty","NaN","182","5.7M","100,000+","Free","0","Everyone 10+","20-Sep-17","8","3.0 and up"
"Eyes Makeup Beauty Tips","Beauty","4.2","30","2.9M","10,000+","Free","0","Everyone","9-Apr-18","3.3.9","4.0.3 and up"
"Photo Editor 2018","Beauty","4.5","134","17M","10,000+","Free","0","Everyone","1-Mar-18","1.2","4.0.3 and up"
"Step By Step Eyes Makeup Tutorial","Beauty","4.4","74","2.9M","10,000+","Free","0","Everyone","5-Apr-18","2.3.09","4.0.3 and up"
"Beauty Camera - Selfie Camera","Beauty","4","113715","Varies with device","10,000,000+","Free","0","Everyone","3-Aug-17","Varies with device","Varies with device"
"Girls Hairstyles","Beauty","4.1","3595","Varies with device","500,000+","Free","0","Everyone","24-May-18","Varies with device","4.0 and up"
"Mirror Camera (Mirror + Selfie Camera)","Beauty","4.1","9315","2.6M","1,000,000+","Free","0","Everyone","21-Nov-17","1.4.2","4.0 and up"
"Beauty Tips - Beauty Tips in Sinhala","Beauty","4.4","75","4.2M","50,000+","Free","0","Everyone","18-Oct-17","1.0.0","4.0.3 and up"
"Haircut Tutorials/Haircut Videos","Beauty","4.6","38","7.1M","10,000+","Free","0","Everyone","29-May-18","1","4.0 and up"
"Sephora: Skin Care, Beauty Makeup & Fragrance Shop","Beauty","4.5","26834","57M","1,000,000+","Free","0","Everyone","24-Jul-18","18.5","5.0 and up"
"Manicure - nail design","Beauty","NaN","119","3.7M","50,000+","Free","0","Everyone","23-Jul-18","1.3","4.1 and up"
"Sticker Camera - Selfie Filters, Beauty Camera","Beauty","3.9","2277","22M","500,000+","Free","0","Everyone","12-Jul-18","1.1.0","4.0.3 and up"
"Filters for B Live","Beauty","4.4","2280","24M","500,000+","Free","0","Everyone","14-May-18","1.1.0","4.0 and up"
"Skin Care and Natural Beauty","Beauty","NaN","654","7.4M","100,000+","Free","0","Teen","17-Jul-18","1.15","4.1 and up"
"Facial Wrinkle Reduction","Beauty","4.6","184","21M","10,000+","Free","0","Everyone","2-Jul-18","1.5","4.1 and up"
"Makeup Videos","Beauty","3.8","9","3.4M","5,000+","Free","0","Everyone","7-Jun-18","1","4.0 and up"
"Secrets of beauty, youth and health","Beauty","NaN","77","2.9M","10,000+","Free","0","Mature 17+","8-Aug-17","2","2.3 and up"
"Recipes and tips for losing weight","Beauty","NaN","35","3.1M","10,000+","Free","0","Everyone 10+","11-Dec-17","2","3.0 and up"
"Discover Color","Beauty","4","364","6.4M","100,000+","Free","0","Everyone","24-May-18","1.1","4.0.3 and up"
"Eyeliner step by step 2018","Beauty","4.3","18","3.2M","5,000+","Free","0","Everyone","1-Jun-18","1.2.13","4.0.3 and up"
"Dresses Ideas & Fashions +3000","Beauty","4.5","473","8.2M","100,000+","Free","0","Mature 17+","1-Mar-17","1.0.2.0","1.6 and up"
"Lady adviser (beauty, health)","Beauty","NaN","30","9.9M","10,000+","Free","0","Mature 17+","24-Jan-18","3","3.0 and up"
"Step By Step Hairstyles For Women","Beauty","4.1","66","2.9M","10,000+","Free","0","Everyone","5-Apr-18","3.1.89","4.0.3 and up"
"Rainbow Camera","Beauty","3.7","3871","23M","1,000,000+","Free","0","Everyone","30-Jul-18","2.2.0","4.0 and up"
"Methods of teeth whitening","Beauty","4.7","257","4.6M","50,000+","Free","0","Everyone","7-Aug-17","1","4.0.3 and up"
"Girls hairstyles 2018","Beauty","4.2","62","3.1M","10,000+","Free","0","Everyone","28-May-18","1.9.2","4.0.3 and up"
"Wattpad ðŸ“– Free Books","Books & Reference","4.6","2914724","Varies with device","100,000,000+","Free","0","Teen","1-Aug-18","Varies with device","Varies with device"
"E-Book Read - Read Book for free","Books & Reference","4.5","1857","4.9M","50,000+","Free","0","Everyone","3-Aug-18","1.3.2","4.4 and up"
"Download free book with green book","Books & Reference","4.6","4478","9.5M","100,000+","Free","0","Everyone 10+","31-Jul-17","1.1","4.0 and up"
"Wikipedia","Books & Reference","4.4","577550","Varies with device","10,000,000+","Free","0","Everyone","2-Aug-18","Varies with device","Varies with device"
"Amazon Kindle","Books & Reference","4.2","814080","Varies with device","100,000,000+","Free","0","Teen","27-Jul-18","Varies with device","Varies with device"
"Cool Reader","Books & Reference","4.5","246315","Varies with device","10,000,000+","Free","0","Everyone","17-Jul-15","Varies with device","1.5 and up"
"Dictionary - Merriam-Webster","Books & Reference","4.5","454060","Varies with device","10,000,000+","Free","0","Everyone","18-May-18","Varies with device","Varies with device"
"NOOK: Read eBooks & Magazines","Books & Reference","4.5","155446","Varies with device","10,000,000+","Free","0","Teen","25-Apr-18","Varies with device","Varies with device"
"Free Panda Radio Music","Books & Reference","4.5","418","4.2M","100,000+","Free","0","Everyone","27-Mar-18","2.1","4.1 and up"
"Book store","Books & Reference","4.4","22486","5.4M","1,000,000+","Free","0","Teen","6-Jun-18","3.2.1","4.0 and up"
"FBReader: Favorite Book Reader","Books & Reference","4.5","203130","Varies with device","10,000,000+","Free","0","Everyone","28-Jun-18","Varies with device","Varies with device"
"English Grammar Complete Handbook","Books & Reference","4.6","1435","2.8M","500,000+","Free","0","Everyone","21-Jan-18","1","4.0 and up"
"Free Books - Spirit Fanfiction and Stories","Books & Reference","4.8","116507","5.0M","1,000,000+","Free","0","Teen","1-Aug-18","2.0.075","4.0.3 and up"
"Google Play Books","Books & Reference","3.9","1433233","Varies with device","1,000,000,000+","Free","0","Teen","3-Aug-18","Varies with device","Varies with device"
"AlReader -any text book reader","Books & Reference","4.6","90468","5.9M","5,000,000+","Free","0","Everyone","27-May-18","1.91180527","2.3 and up"
"Offline English Dictionary","Books & Reference","4.2","860","13M","100,000+","Free","0","Everyone","17-Jul-18","1","4.0.3 and up"
"Oxford Dictionary of English : Free","Books & Reference","4.1","363934","7.1M","10,000,000+","Free","0","Everyone","11-Jul-18","9.1.363","4.1 and up"
"Offline: English to Tagalog Dictionary","Books & Reference","4.7","967","6.7M","500,000+","Free","0","Everyone","4-Aug-18","1.1.6","4.0.3 and up"
"Spanish English Translator","Books & Reference","4.2","87873","Varies with device","10,000,000+","Free","0","Teen","28-May-18","Varies with device","Varies with device"
"FamilySearch Tree","Books & Reference","4.3","17506","17M","1,000,000+","Free","0","Everyone","20-Jul-18","2.3.18","4.1 and up"
"Cloud of Books","Books & Reference","3.3","1862","19M","1,000,000+","Free","0","Everyone","27-Apr-18","2.2.5","4.1 and up"
"Recipes of Prophetic Medicine for free","Books & Reference","4.6","2084","6.7M","500,000+","Free","0","Everyone","17-May-18","15","2.3 and up"
"ReadEra â€“ free ebook reader","Books & Reference","4.8","47303","21M","1,000,000+","Free","0","Everyone","2-Jun-18","18.05.31+530","4.1 and up"
"NOOK App for NOOK Devices","Books & Reference","4.7","19080","Varies with device","500,000+","Free","0","Everyone","25-Apr-18","Varies with device","Varies with device"
"Anonymous caller detection","Books & Reference","NaN","161","2.7M","10,000+","Free","0","Everyone","13-Jul-18","1","2.3 and up"
"Ebook Reader","Books & Reference","4.1","85842","37M","5,000,000+","Free","0","Everyone","25-Jun-18","5.0.6","4.0 and up"
"Litnet - E-books","Books & Reference","4.6","7831","15M","100,000+","Free","0","Teen","4-Jul-18","1.2.3","4.0 and up"
"Read books online","Books & Reference","4.1","91615","23M","5,000,000+","Free","0","Mature 17+","29-Jun-18","3.12","4.1 and up"
"English to Urdu Dictionary","Books & Reference","4.6","4620","19M","500,000+","Free","0","Everyone","23-Nov-17","2","4.0.3 and up"
"eBoox: book reader fb2 epub zip","Books & Reference","4.7","21336","23M","1,000,000+","Free","0","Everyone","20-Jun-18","1.28","3.0 and up"
"English Persian Dictionary","Books & Reference","4.5","26875","73M","500,000+","Free","0","Everyone","1-Aug-18","6.0.8","4.0.3 and up"
"Flybook","Books & Reference","3.9","1778","4.9M","500,000+","Free","0","Mature 17+","16-Oct-14","1.0.3","2.1 and up"
"All Maths Formulas","Books & Reference","4.4","2709","6.8M","1,000,000+","Free","0","Everyone","11-Jul-18","1.9","4.4 and up"
"Ancestry","Books & Reference","4.3","64513","Varies with device","5,000,000+","Free","0","Everyone","31-Jul-18","Varies with device","Varies with device"
"HTC Help","Books & Reference","4.2","8342","Varies with device","10,000,000+","Free","0","Everyone","28-Aug-17","9.00.950462","7.0 and up"
"English translation from Bengali","Books & Reference","4.5","527","2.9M","100,000+","Free","0","Everyone","31-Mar-18","14","4.0 and up"
"Pdf Book Download - Read Pdf Book","Books & Reference","4.4","1322","3.5M","100,000+","Free","0","Everyone","28-May-18","6","4.0.3 and up"
"Free Book Reader","Books & Reference","3.4","1680","4.0M","100,000+","Free","0","Everyone","20-Aug-16","3.05","4.0.3 and up"
"eBoox new: Reader for fb2 epub zip books","Books & Reference","4.9","2739","21M","50,000+","Free","0","Everyone","17-Jul-18","2","3.0 and up"
"Only 30 days in English, the guideline is guaranteed","Books & Reference","4.6","1065","2.3M","500,000+","Free","0","Everyone","16-Jun-18","1.5","3.0 and up"
"Moon+ Reader","Books & Reference","4.4","233757","Varies with device","10,000,000+","Free","0","Everyone","1-May-18","Varies with device","Varies with device"
"SH-02J Owner's Manual (Android 8.0)","Books & Reference","NaN","2","7.2M","50,000+","Free","0","Everyone","15-Jun-18","3","6.0 and up"
"English-Myanmar Dictionary","Books & Reference","4.4","8788","10M","1,000,000+","Free","0","Everyone","28-Jul-18","2.5.3","4.0 and up"
"Golden Dictionary (EN-AR)","Books & Reference","4.4","51269","6.1M","1,000,000+","Free","0","Everyone","19-Jul-18","7.0.4.6","4.2 and up"
"All Language Translator Free","Books & Reference","4.4","30105","2.1M","1,000,000+","Free","0","Everyone","29-Jul-18","1.15","4.0.3 and up"
"Azpen eReader","Books & Reference","3.5","156","42M","500,000+","Free","0","Everyone","15-Feb-18","3.1.7.9","2.2 and up"
"URBANO V 02 instruction manual","Books & Reference","NaN","114","7.3M","100,000+","Free","0","Everyone","7-Aug-15","1.1","5.1 and up"
"English Dictionary - Offline","Books & Reference","4.4","341157","30M","10,000,000+","Free","0","Everyone 10+","20-Mar-18","3.9.1","4.2 and up"
"Visual Voicemail by MetroPCS","Business","4.1","16129","Varies with device","10,000,000+","Free","0","Everyone","30-Jul-18","Varies with device","Varies with device"
"Indeed Job Search","Business","4.3","674730","Varies with device","50,000,000+","Free","0","Everyone","21-May-18","Varies with device","Varies with device"
"Uber Driver","Business","4.4","1254730","Varies with device","10,000,000+","Free","0","Everyone","3-Aug-18","Varies with device","Varies with device"
"ADP Mobile Solutions","Business","4.3","85185","29M","5,000,000+","Free","0","Everyone","17-Jul-18","3.4.2","5.0 and up"
"Snag - Jobs Hiring Now","Business","4.3","32584","Varies with device","1,000,000+","Free","0","Everyone","4-May-18","Varies with device","Varies with device"
"Docs To Goâ„¢ Free Office Suite","Business","4.1","217730","Varies with device","50,000,000+","Free","0","Everyone","2-Apr-18","Varies with device","Varies with device"
"Google My Business","Business","4.4","70991","Varies with device","5,000,000+","Free","0","Everyone","24-Jul-18","2.19.0.204537701","4.4 and up"
"OfficeSuite : Free Office + PDF Editor","Business","4.3","1002861","35M","100,000,000+","Free","0","Everyone","2-Aug-18","9.7.14188","4.1 and up"
"USPS MOBILEÂ®","Business","3.9","16589","9.1M","1,000,000+","Free","0","Everyone","14-Jun-18","4.9.10","4.0.3 and up"
"Job Search by ZipRecruiter","Business","4.8","148945","25M","1,000,000+","Free","0","Everyone","19-Jul-18","5.2.8","5.0 and up"
"Curriculum vitae App CV Builder Free Resume Maker","Business","4.5","4458","3.9M","500,000+","Free","0","Everyone","8-Jul-18","3.3","4.1 and up"
"Google Primer","Business","4.4","62272","18M","10,000,000+","Free","0","Everyone","26-Jun-18","3.550.2","4.1 and up"
"Alba Heaven - Alvarez Job Portal Services","Business","4","8941","12M","5,000,000+","Free","0","Everyone","31-Jul-18","4.6.30","4.0.3 and up"
"SuperLivePro","Business","4.3","46353","21M","1,000,000+","Free","0","Everyone","13-Apr-16","2.8","1.5 and up"
"Facebook Pages Manager","Business","4","1279184","Varies with device","50,000,000+","Free","0","Everyone","2-Aug-18","Varies with device","Varies with device"
"OfficeSuite Pro + PDF (Trial)","Business","4.2","88073","Varies with device","10,000,000+","Free","0","Everyone","9-Jul-18","Varies with device","Varies with device"
"My Space - Employment Center","Business","4.5","67000","Varies with device","1,000,000+","Free","0","Everyone","17-Jul-18","Varies with device","4.3 and up"
"Box","Business","4.2","159872","Varies with device","10,000,000+","Free","0","Everyone","31-Jul-18","Varies with device","Varies with device"
"Polaris Office for LG","Business","4.2","30847","55M","5,000,000+","Free","0","Everyone","8-Feb-18","7.3.21","4.1 and up"
"Call Blocker","Business","4.6","188841","3.2M","5,000,000+","Free","0","Everyone","21-Jun-18","1.1.13","4.0 and up"
"Jobs in Alabama - Jobs in Alba","Business","4.1","11622","Varies with device","5,000,000+","Free","0","Everyone","26-Jul-18","Varies with device","Varies with device"
"Square Point of Sale - POS","Business","4.6","95912","Varies with device","5,000,000+","Free","0","Everyone","30-Jul-18","Varies with device","Varies with device"
"Plugin:AOT v5.0","Business","3.1","4034","23k","100,000+","Free","0","Everyone","11-Sep-15","3.0.1.11 (Build 311)","2.2 and up"
"Kariyer.net","Business","3.9","45964","16M","1,000,000+","Free","0","Everyone","18-Jul-18","5.1.5","4.1 and up"
"SEEK Job Search","Business","4.3","14955","Varies with device","1,000,000+","Free","0","Everyone","30-Jul-18","Varies with device","Varies with device"
"Become a Job - Find a job or advertise","Business","4.1","6903","14M","1,000,000+","Free","0","Everyone","10-Jul-18","2.3.6","4.1 and up"
"ZOOM Cloud Meetings","Business","4.4","31614","37M","10,000,000+","Free","0","Everyone","20-Jul-18","4.1.28165.0716","4.0 and up"
"Easy Installer - Apps On SD","Business","4.1","23055","Varies with device","5,000,000+","Free","0","Everyone","8-Jun-18","Varies with device","Varies with device"
"Facebook Ads Manager","Business","4.1","19023","Varies with device","1,000,000+","Free","0","Everyone","1-Aug-18","99.0.0.35.75","4.1 and up"
"IndiaMART: Search Products, Buy, Sell & Trade","Business","4.5","207372","11M","5,000,000+","Free","0","Everyone","2-Aug-18","12.2.4","4.0 and up"
"ViettelPost express delivery","Business","4.4","1225","25M","100,000+","Free","0","Everyone","1-Aug-18","1.0.6.8","4.1 and up"
"MyASUS - Service Center","Business","4.4","380837","7.3M","10,000,000+","Free","0","Everyone","4-Jul-18","3.4.5","4.2 and up"
"Job Korea - Career Jobs","Business","4.3","10600","6.5M","1,000,000+","Free","0","Everyone","1-Aug-18","2.5.6","4.0 and up"
"104 Looking for a job - looking for a job, looking for a job, looking for a part-time job, health checkup, resume, treatment room","Business","4.4","74359","25M","1,000,000+","Free","0","Everyone","27-Jul-18","1.12.5","4.0 and up"
"Myanmar 2D/3D","Business","4.6","822","3.1M","100,000+","Free","0","Everyone","8-Jun-18","1.5","4.0.3 and up"
"Quick PDF Scanner + OCR FREE","Business","4.2","80805","Varies with device","5,000,000+","Free","0","Everyone","26-Feb-18","Varies with device","4.0.3 and up"
"sABN","Business","4.4","2287","1.5M","1,000,000+","Free","0","Everyone","26-Mar-18","4.9","2.2 and up"
"ATI Cargoes and Transportation","Business","4.7","4162","7.5M","100,000+","Free","0","Everyone","24-Jul-18","0.9.4","4.0.3 and up"
"Secure Folder","Business","3.8","14760","8.6M","50,000,000+","Free","0","Everyone","31-Jan-18","1.1.07.6","7.0 and up"
"UPS Mobile","Business","3.9","23243","Varies with device","5,000,000+","Free","0","Everyone","25-Jun-18","Varies with device","Varies with device"
"Y! Mobile menu","Business","NaN","9","1.2M","100,000+","Free","0","Everyone","9-Apr-18","1.0.5","6.0 and up"
"SignEasy | Sign and Fill PDF and other Documents","Business","4.3","8978","Varies with device","1,000,000+","Free","0","Everyone","25-Jul-18","Varies with device","Varies with device"
"Quick PDF Scanner + OCR FREE","Business","4.2","80805","Varies with device","5,000,000+","Free","0","Everyone","26-Feb-18","Varies with device","4.0.3 and up"
"Genius Scan - PDF Scanner","Business","4.4","42492","Varies with device","1,000,000+","Free","0","Everyone","11-Jul-18","Varies with device","Varies with device"
"Tiny Scanner - PDF Scanner App","Business","4.7","286897","39M","10,000,000+","Free","0","Everyone","30-May-17","1.2.6","3.0 and up"
"Fast Scanner : Free PDF Scan","Business","4.5","103755","14M","10,000,000+","Free","0","Everyone","11-Jul-18","3.9.2","4.1 and up"
"Mobile Doc Scanner (MDScan) Lite","Business","4.2","46505","19M","1,000,000+","Free","0","Everyone","2-Aug-18","3.4.49","4.1 and up"
"TurboScan: scan documents and receipts in PDF","Business","4.7","11442","6.8M","100,000+","Paid","$4.99 ","Everyone","25-Mar-18","1.5.2","4.0 and up"
"Tiny Scanner Pro: PDF Doc Scan","Business","4.8","10295","39M","100,000+","Paid","$4.99 ","Everyone","11-Apr-17","3.4.6","3.0 and up"
"Box","Business","4.2","159872","Varies with device","10,000,000+","Free","0","Everyone","31-Jul-18","Varies with device","Varies with device"
"Zenefits","Business","4.2","296","14M","50,000+","Free","0","Everyone","15-Jun-18","3.2.1","4.1 and up"
"Google Ads","Business","4.3","29313","20M","5,000,000+","Free","0","Everyone","30-Jul-18","1.12.0","4.0.3 and up"
"Google My Business","Business","4.4","70991","Varies with device","5,000,000+","Free","0","Everyone","24-Jul-18","2.19.0.204537701","4.4 and up"
"Slack","Business","4.4","51507","Varies with device","5,000,000+","Free","0","Everyone","2-Aug-18","Varies with device","Varies with device"
"FreshBooks Classic","Business","4.1","1802","26M","100,000+","Free","0","Everyone","18-Apr-18","1.7.14","4.2 and up"
"Insightly CRM","Business","3.8","1383","51M","100,000+","Free","0","Everyone","12-Jul-18","3.24.1","5.0 and up"
"QuickBooks Accounting: Invoicing & Expenses","Business","4.3","23175","41M","1,000,000+","Free","0","Everyone","13-Jul-18","18.7","4.1 and up"
"HipChat - Chat Built for Teams","Business","3.8","5868","20M","500,000+","Free","0","Everyone","3-Jul-18","3.19.005","4.1 and up"
"Xero Accounting Software","Business","3.5","2111","Varies with device","100,000+","Free","0","Everyone","30-Jul-18","Varies with device","Varies with device"
"MailChimp - Email, Marketing Automation","Business","4.1","5448","12M","500,000+","Free","0","Everyone","25-Jul-18","4.9.1","5.0 and up"
"Crew - Free Messaging and Scheduling","Business","4.6","4159","48M","500,000+","Free","0","Everyone","20-Jul-18","6.1.2","4.0.3 and up"
"Asana: organize team projects","Business","4.3","20815","10M","1,000,000+","Free","0","Everyone","26-Jul-18","6.4.4","5.0 and up"
"Google Analytics","Business","4.5","78662","22M","1,000,000+","Free","0","Everyone","13-Feb-18","3.7.5","4.4 and up"
"AdWords Express","Business","4.1","7149","11M","1,000,000+","Free","0","Everyone","31-Jul-18","2.6.158","4.0 and up"
"Accounting App - Zoho Books","Business","4.5","3079","8.5M","100,000+","Free","0","Everyone","2-Aug-18","5.20.7","4.1 and up"
"Invoice & Time Tracking - Zoho","Business","4.6","5800","8.6M","100,000+","Free","0","Everyone","2-Aug-18","5.20.7","4.1 and up"
"join.me - Simple Meetings","Business","4","6989","Varies with device","1,000,000+","Free","0","Everyone","16-Jul-18","4.3.0.508","4.4 and up"
"Invoice 2go â€” Professional Invoices and Estimates","Business","4.2","16422","28M","1,000,000+","Free","0","Everyone","1-Aug-18","10.46.2","4.1 and up"
"Cisco Webex Meetings","Business","4.4","108741","28M","10,000,000+","Free","0","Everyone","20-Jul-18","11.1.0","4.3 and up"
"ZOOM Cloud Meetings","Business","4.4","31614","37M","10,000,000+","Free","0","Everyone","20-Jul-18","4.1.28165.0716","4.0 and up"
"ScreenMeet. Easy Phone Meeting","Business","4","624","9.0M","100,000+","Free","0","Everyone","22-Mar-18","1.2.287","5.0 and up"
"Cisco Webex Teams","Business","4.2","1661","46M","100,000+","Free","0","Everyone","2-Aug-18","3.0.4651","4.4 and up"
"Microsoft Remote Desktop","Business","4.2","97702","Varies with device","5,000,000+","Free","0","Everyone","11-Jul-18","Varies with device","Varies with device"
"Start Meeting","Business","4.1","308","14M","50,000+","Free","0","Everyone","29-May-18","3.1.4.0","4.0.3 and up"
"join.me - Simple Meetings","Business","4","6989","Varies with device","1,000,000+","Free","0","Everyone","16-Jul-18","4.3.0.508","4.4 and up"
"ClickMeeting Webinars","Business","3.8","5211","26M","1,000,000+","Free","0","Everyone","30-Jul-18","3.3.0","4.0 and up"
"BlueJeans for Android","Business","3.9","1058","23M","500,000+","Free","0","Everyone","29-Jun-18","2.22.397","5.0 and up"
"Skype for Business for Android","Business","3.9","78172","Varies with device","10,000,000+","Free","0","Everyone","2-Aug-18","Varies with device","Varies with device"
"Box","Business","4.2","159872","Varies with device","10,000,000+","Free","0","Everyone","31-Jul-18","Varies with device","Varies with device"
"Zenefits","Business","4.2","296","14M","50,000+","Free","0","Everyone","15-Jun-18","3.2.1","4.1 and up"
"Google Ads","Business","4.3","29313","20M","5,000,000+","Free","0","Everyone","30-Jul-18","1.12.0","4.0.3 and up"
"Google My Business","Business","4.4","70991","Varies with device","5,000,000+","Free","0","Everyone","24-Jul-18","2.19.0.204537701","4.4 and up"
"Slack","Business","4.4","51507","Varies with device","5,000,000+","Free","0","Everyone","2-Aug-18","Varies with device","Varies with device"
"FreshBooks Classic","Business","4.1","1802","26M","100,000+","Free","0","Everyone","18-Apr-18","1.7.14","4.2 and up"
"Insightly CRM","Business","3.8","1383","51M","100,000+","Free","0","Everyone","12-Jul-18","3.24.1","5.0 and up"
"QuickBooks Accounting: Invoicing & Expenses","Business","4.3","23175","41M","1,000,000+","Free","0","Everyone","13-Jul-18","18.7","4.1 and up"
"HipChat - Chat Built for Teams","Business","3.8","5868","20M","500,000+","Free","0","Everyone","3-Jul-18","3.19.005","4.1 and up"
"Xero Accounting Software","Business","3.5","2111","Varies with device","100,000+","Free","0","Everyone","30-Jul-18","Varies with device","Varies with device"
"MailChimp - Email, Marketing Automation","Business","4.1","5448","12M","500,000+","Free","0","Everyone","25-Jul-18","4.9.1","5.0 and up"
"Crew - Free Messaging and Scheduling","Business","4.6","4159","48M","500,000+","Free","0","Everyone","20-Jul-18","6.1.2","4.0.3 and up"
"Asana: organize team projects","Business","4.3","20815","10M","1,000,000+","Free","0","Everyone","26-Jul-18","6.4.4","5.0 and up"
"Google Analytics","Business","4.5","78662","22M","1,000,000+","Free","0","Everyone","13-Feb-18","3.7.5","4.4 and up"
"AdWords Express","Business","4.1","7149","11M","1,000,000+","Free","0","Everyone","31-Jul-18","2.6.158","4.0 and up"
"Accounting App - Zoho Books","Business","4.5","3079","8.5M","100,000+","Free","0","Everyone","2-Aug-18","5.20.7","4.1 and up"
"Invoice & Time Tracking - Zoho","Business","4.6","5800","8.6M","100,000+","Free","0","Everyone","2-Aug-18","5.20.7","4.1 and up"
"join.me - Simple Meetings","Business","4","6989","Varies with device","1,000,000+","Free","0","Everyone","16-Jul-18","4.3.0.508","4.4 and up"
"Invoice 2go â€” Professional Invoices and Estimates","Business","4.2","16422","28M","1,000,000+","Free","0","Everyone","1-Aug-18","10.46.2","4.1 and up"
"SignEasy | Sign and Fill PDF and other Documents","Business","4.3","8978","Varies with device","1,000,000+","Free","0","Everyone","25-Jul-18","Varies with device","Varies with device"
"Quick PDF Scanner + OCR FREE","Business","4.2","80804","Varies with device","5,000,000+","Free","0","Everyone","26-Feb-18","Varies with device","4.0.3 and up"
"Genius Scan - PDF Scanner","Business","4.4","42492","Varies with device","1,000,000+","Free","0","Everyone","11-Jul-18","Varies with device","Varies with device"
"Tiny Scanner - PDF Scanner App","Business","4.7","286897","39M","10,000,000+","Free","0","Everyone","30-May-17","1.2.6","3.0 and up"
"Fast Scanner : Free PDF Scan","Business","4.5","103755","14M","10,000,000+","Free","0","Everyone","11-Jul-18","3.9.2","4.1 and up"
"Mobile Doc Scanner (MDScan) Lite","Business","4.2","46505","19M","1,000,000+","Free","0","Everyone","2-Aug-18","3.4.49","4.1 and up"
"TurboScan: scan documents and receipts in PDF","Business","4.7","11442","6.8M","100,000+","Paid","$4.99 ","Everyone","25-Mar-18","1.5.2","4.0 and up"
"Tiny Scanner Pro: PDF Doc Scan","Business","4.8","10295","39M","100,000+","Paid","$4.99 ","Everyone","11-Apr-17","3.4.6","3.0 and up"
"Docs To Goâ„¢ Free Office Suite","Business","4.1","217730","Varies with device","50,000,000+","Free","0","Everyone","2-Apr-18","Varies with device","Varies with device"
"OfficeSuite : Free Office + PDF Editor","Business","4.3","1002859","35M","100,000,000+","Free","0","Everyone","2-Aug-18","9.7.14188","4.1 and up"
"Slack","Business","4.4","51510","Varies with device","5,000,000+","Free","0","Everyone","2-Aug-18","Varies with device","Varies with device"
"Verify - Receipts & Expenses","Business","4.5","413","29M","10,000+","Free","0","Everyone","25-Jul-18","2.0.19","5.0 and up"
"QuickBooks Accounting: Invoicing & Expenses","Business","4.3","23175","41M","1,000,000+","Free","0","Everyone","13-Jul-18","18.7","4.1 and up"
"LINE WEBTOON - Free Comics","Comics","4.5","1013635","Varies with device","10,000,000+","Free","0","Teen","31-Jul-18","Varies with device","Varies with device"
"Manga Master - Best manga & comic reader","Comics","4.6","24005","4.9M","500,000+","Free","0","Adults only 18+","4-Jul-18","1.1.7.0","4.1 and up"
"GANMA! - All original stories free of charge for all original comics","Comics","4.7","57106","27M","1,000,000+","Free","0","Teen","23-Jul-18","2.11.3","4.1 and up"
"RÃ¶hrich Werner Soundboard","Comics","4.7","2249","32M","500,000+","Free","0","Everyone","16-Nov-17","1.08","4.0.3 and up"
"Unicorn Pokez - Color By Number","Comics;Creativity","4.8","516","12M","50,000+","Free","0","Everyone","3-Aug-18","1.0.6","4.4 and up"
"MangaToon - Comics updated Daily","Comics","3.9","834","15M","50,000+","Free","0","Mature 17+","1-Aug-18","1.0.8","4.1 and up"
"Manga Net â€“ Best Online Manga Reader","Comics","4.1","1010","11M","50,000+","Free","0","Mature 17+","7-Jul-18","1.5","4.1 and up"
"Manga Rock - Best Manga Reader","Comics","4.4","238970","28M","1,000,000+","Free","0","Teen","9-Jul-18","3.4.3_world","5.0 and up"
"Manga - read Thai translation","Comics","4.6","302","2.2M","10,000+","Free","0","Teen","3-Jul-18","1","4.0 and up"
"The Vietnam Story - Fun Stories","Comics","4.5","438","3.4M","10,000+","Free","0","Everyone","27-Dec-17","1","2.3 and up"
"Dragon Ball Wallpaper - Ringtones","Comics","4.7","73","8.3M","10,000+","Free","0","Everyone","23-Jul-18","1.9","4.0.3 and up"
"Funny Jokes Photos","Comics","4.4","39","4.3M","10,000+","Free","0","Everyone 10+","3-Jul-18","1.1","4.2 and up"
"Truyá»‡n Vui TÃ½ Quáº­y","Comics","4.5","144","4.7M","10,000+","Free","0","Everyone","19-Jul-18","3","4.0.3 and up"
"Comic Es - Shojo manga / love comics free of charge â™ª â™ª","Comics","3.9","2181","10M","100,000+","Free","0","Teen","5-Mar-18","1.2.12","4.0.3 and up"
"comico Popular Original Cartoon Updated Everyday Comico","Comics","3.2","93965","15M","5,000,000+","Free","0","Teen","3-Jul-18","6.3.0","4.0.3 and up"
"Daily Manga - Comic & Webtoon","Comics","3.2","1446","7.1M","100,000+","Free","0","Mature 17+","18-May-18","1","4.0.3 and up"
"æ¼«å’– Comics - Manga,Novel and Stories","Comics","4.1","12088","21M","1,000,000+","Free","0","Mature 17+","6-Jul-18","2.3.1","4.0.3 and up"
"Emmanuella Funny Videos 2018","Comics","4.5","314","6.1M","100,000+","Free","0","Everyone","23-May-18","3.1.0","4.1 and up"
"DC Comics","Comics","4.2","25671","Varies with device","1,000,000+","Free","0","Teen","5-Jun-18","Varies with device","Varies with device"
"Manga Zero - Japanese cartoon and comic reader","Comics","4.2","15194","15M","1,000,000+","Free","0","Teen","19-Jul-18","4.7.3","4.2 and up"
"Marvel Unlimited","Comics","3.7","22551","11M","1,000,000+","Free","0","Teen","24-Jul-18","3.16.0","4.4 and up"
"Tapas â€“ Comics, Novels, and Stories","Comics","4.5","29839","29M","1,000,000+","Free","0","Teen","31-Jul-18","4.1.0","4.4 and up"
"Children's cartoons (Mithu-Mina-Raju)","Comics","4.6","279","3.3M","100,000+","Free","0","Everyone","18-Dec-17","1.6","4.0 and up"
"Narrator's Voice","Comics","4.5","564387","Varies with device","5,000,000+","Free","0","Everyone","5-Jul-18","Varies with device","Varies with device"
"ã€Ranobbe complete freeã€‘ Novelba - Free app that you can read and write novels","Comics","NaN","1330","22M","50,000+","Free","0","Everyone","3-Jul-18","6.1.1","4.2 and up"
"Faustop Sounds","Comics","4.7","1677","40M","100,000+","Free","0","Everyone","26-May-18","1.7.7","4.1 and up"
"Manga Mania - Best online manga reader","Comics","4.4","757","10M","10,000+","Free","0","Teen","24-May-18","1","4.1 and up"
